{
  "id": "50159efd-2b27-4bcc-8506-1804756f73d9",
  "name": "state",
  "isOverridable": true,
  "entries": [
    {
      "value": "on",
      "synonyms": [
        "on"
      ]
    },
    {
      "value": "off",
      "synonyms": [
        "off"
      ]
    },
    {
      "value": "toggle",
      "synonyms": [
        "toggle"
      ]
    },
    {
      "value": "blink",
      "synonyms": [
        "blink",
        "blinking"
      ]
    },
    {
      "value": "color",
      "synonyms": [
        "color"
      ]
    }
  ],
  "isEnum": false,
  "automatedExpansion": false
}